queryID,n_user_candidate,io_cost,ip_cost,total_time,memory_index_time,io_time,ip_time
         0,       230,    117990,         0,      0.38,      0.05,      0.33,      0.00
         1,       387,    198524,         0,      0.61,      0.05,      0.56,      0.00
         2,       268,    137484,         0,      0.43,      0.05,      0.38,      0.00
         3,       280,    143639,         0,      0.45,      0.05,      0.40,      0.00
         4,       289,    147968,         0,      0.46,      0.05,      0.41,      0.00
         5,       364,    186732,         0,      0.57,      0.05,      0.52,      0.00
         6,       255,    130815,         0,      0.42,      0.05,      0.37,      0.00
         7,       209,    107217,         0,      0.35,      0.05,      0.30,      0.00
         8,       210,    107730,         0,      0.35,      0.05,      0.30,      0.00
         9,       836,    428865,         0,      1.25,      0.05,      1.20,      0.00
        10,       910,    465920,         0,      1.35,      0.05,      1.29,      0.00
        11,       368,    188784,         0,      0.57,      0.05,      0.52,      0.00
        12,       388,    199044,         0,      0.60,      0.05,      0.56,      0.00
        13,       232,    119016,         0,      0.38,      0.05,      0.33,      0.00
        14,       217,    111321,         0,      0.36,      0.05,      0.31,      0.00
        15,       211,    108032,         0,      0.35,      0.05,      0.30,      0.00
        16,       772,    395954,         0,      1.15,      0.05,      1.10,      0.00
        17,       976,    500688,         0,      1.44,      0.05,      1.39,      0.00
        18,       314,    161082,         0,      0.50,      0.05,      0.45,      0.00
        19,       211,    108222,         0,      0.35,      0.05,      0.30,      0.00
        20,      1074,    549888,         0,      1.58,      0.05,      1.53,      0.00
        21,       364,    186731,         0,      0.57,      0.05,      0.52,      0.00
        22,       234,    120042,         0,      0.38,      0.05,      0.33,      0.00
        23,       212,    108756,         0,      0.35,      0.05,      0.30,      0.00
        24,       633,    324729,         0,      0.95,      0.05,      0.90,      0.00
        25,      2667,   1368171,         0,      3.86,      0.05,      3.81,      0.00
        26,       310,    159030,         0,      0.50,      0.05,      0.45,      0.00
        27,       319,    163647,         0,      0.51,      0.05,      0.46,      0.00
        28,       424,    217512,         0,      0.66,      0.05,      0.61,      0.00
        29,       333,    170829,         0,      0.53,      0.05,      0.48,      0.00
        30,       262,    134406,         0,      0.42,      0.05,      0.37,      0.00
        31,      2576,   1321316,         0,      3.74,      0.05,      3.68,      0.00
        32,      1063,    544256,         0,      1.57,      0.05,      1.52,      0.00
        33,      3390,   1739070,         0,      4.87,      0.05,      4.82,      0.00
        34,       215,    110295,         0,      0.35,      0.05,      0.31,      0.00
        35,       222,    113886,         0,      0.37,      0.05,      0.32,      0.00
        36,       506,    259578,         0,      0.77,      0.05,      0.72,      0.00
        37,       274,    140546,         0,      0.44,      0.05,      0.39,      0.00
        38,       298,    152874,         0,      0.47,      0.05,      0.43,      0.00
        39,      1348,    691524,         0,      1.98,      0.05,      1.93,      0.00
        40,       232,    119016,         0,      0.38,      0.05,      0.33,      0.00
        41,       239,    122607,         0,      0.39,      0.05,      0.34,      0.00
        42,       458,    234954,         0,      0.70,      0.05,      0.65,      0.00
        43,       228,    116736,         0,      0.37,      0.05,      0.33,      0.00
        44,      2650,   1359450,         0,      3.83,      0.05,      3.78,      0.00
        45,      5149,   2641418,         0,      7.39,      0.05,      7.33,      0.00
        46,       495,    253935,         0,      0.75,      0.05,      0.70,      0.00
        47,       333,    170829,         0,      0.52,      0.05,      0.47,      0.00
        48,       424,    217512,         0,      0.65,      0.05,      0.60,      0.00
        49,       275,    141075,         0,      0.44,      0.05,      0.39,      0.00
        50,      4573,   2341376,         0,      6.51,      0.05,      6.46,      0.00
        51,       500,    256500,         0,      0.76,      0.05,      0.71,      0.00
        52,       217,    111321,         0,      0.35,      0.05,      0.31,      0.00
        53,       214,    109782,         0,      0.35,      0.05,      0.30,      0.00
        54,       273,    140046,         0,      0.43,      0.05,      0.38,      0.00
        55,      2654,   1361502,         0,      3.82,      0.05,      3.77,      0.00
        56,       219,    112347,         0,      0.36,      0.05,      0.31,      0.00
        57,       538,    275994,         0,      0.80,      0.05,      0.75,      0.00
        58,       239,    122607,         0,      0.39,      0.05,      0.34,      0.00
        59,       208,    106693,         0,      0.34,      0.05,      0.29,      0.00
        60,       212,    108756,         0,      0.35,      0.05,      0.30,      0.00
        61,       214,    109782,         0,      0.35,      0.05,      0.30,      0.00
        62,       240,    123114,         0,      0.39,      0.05,      0.34,      0.00
        63,       212,    108756,         0,      0.34,      0.05,      0.29,      0.00
        64,       319,    163647,         0,      0.50,      0.05,      0.45,      0.00
        65,       348,    178524,         0,      0.54,      0.05,      0.49,      0.00
        66,       249,    127737,         0,      0.40,      0.05,      0.35,      0.00
        67,       305,    156465,         0,      0.48,      0.05,      0.43,      0.00
        68,       334,    171342,         0,      0.51,      0.05,      0.46,      0.00
        69,       310,    159030,         0,      0.48,      0.05,      0.43,      0.00
        70,       234,    120042,         0,      0.38,      0.05,      0.33,      0.00
        71,      3628,   1861163,         0,      5.11,      0.05,      5.06,      0.00
        72,      1394,    715122,         0,      2.02,      0.05,      1.97,      0.00
        73,       591,    303183,         0,      0.87,      0.05,      0.82,      0.00
        74,       244,    125172,         0,      0.39,      0.05,      0.34,      0.00
        75,       300,    153900,         0,      0.47,      0.05,      0.42,      0.00
        76,       416,    213408,         0,      0.64,      0.05,      0.59,      0.00
        77,       446,    228798,         0,      0.69,      0.05,      0.64,      0.00
        78,       218,    111834,         0,      0.37,      0.05,      0.32,      0.00
        79,       792,    406296,         0,      1.17,      0.05,      1.12,      0.00
        80,       242,    124143,         0,      0.39,      0.05,      0.34,      0.00
        81,       261,    133893,         0,      0.42,      0.05,      0.37,      0.00
        82,      2691,   1380483,         0,      3.87,      0.05,      3.82,      0.00
        83,       203,    104139,         0,      0.34,      0.05,      0.29,      0.00
        84,       262,    134406,         0,      0.43,      0.05,      0.38,      0.00
        85,       232,    119016,         0,      0.38,      0.05,      0.33,      0.00
        86,       220,    112860,         0,      0.37,      0.05,      0.32,      0.00
        87,       438,    224694,         0,      0.68,      0.05,      0.63,      0.00
        88,       561,    287790,         0,      0.86,      0.05,      0.81,      0.00
        89,       346,    177498,         0,      0.55,      0.05,      0.50,      0.00
        90,       915,    469395,         0,      1.36,      0.05,      1.31,      0.00
        91,       353,    181089,         0,      0.56,      0.05,      0.51,      0.00
        92,       252,    129276,         0,      0.40,      0.05,      0.36,      0.00
        93,       284,    145682,         0,      0.45,      0.05,      0.40,      0.00
        94,       347,    178011,         0,      0.54,      0.05,      0.49,      0.00
        95,       352,    180576,         0,      0.55,      0.05,      0.50,      0.00
        96,       533,    273377,         0,      0.81,      0.05,      0.76,      0.00
        97,       203,    104139,         0,      0.34,      0.05,      0.29,      0.00
        98,       734,    376542,         0,      1.10,      0.05,      1.05,      0.00
        99,      1646,    844393,         0,      2.40,      0.05,      2.36,      0.00
       100,      3053,   1563136,         0,      4.42,      0.05,      4.37,      0.00
       101,       431,    221103,         0,      0.67,      0.05,      0.62,      0.00
       102,      1296,    664845,         0,      1.89,      0.05,      1.84,      0.00
       103,       430,    220590,         0,      0.66,      0.05,      0.61,      0.00
       104,      1924,    987012,         0,      2.79,      0.05,      2.74,      0.00
       105,       284,    145692,         0,      0.46,      0.05,      0.40,      0.00
       106,       295,    151335,         0,      0.47,      0.05,      0.42,      0.00
       107,       272,    139536,         0,      0.44,      0.05,      0.39,      0.00
       108,       200,    102600,         0,      0.33,      0.05,      0.29,      0.00
       109,       634,    325229,         0,      0.95,      0.05,      0.90,      0.00
       110,       266,    136458,         0,      0.43,      0.05,      0.38,      0.00
       111,      8645,   4434843,         0,     12.33,      0.05,     12.27,      0.00
       112,       376,    192888,         0,      0.59,      0.05,      0.54,      0.00
       113,       268,    137484,         0,      0.43,      0.05,      0.38,      0.00
       114,       631,    323678,         0,      0.95,      0.05,      0.90,      0.00
       115,       236,    121068,         0,      0.38,      0.05,      0.34,      0.00
       116,      1254,    643302,         0,      1.84,      0.05,      1.79,      0.00
       117,       759,    389254,         0,      1.14,      0.05,      1.08,      0.00
       118,       352,    180576,         0,      0.56,      0.05,      0.51,      0.00
       119,       339,    173907,         0,      0.53,      0.05,      0.48,      0.00
       120,       232,    119016,         0,      0.38,      0.05,      0.33,      0.00
       121,      3166,   1620992,         0,      4.53,      0.05,      4.48,      0.00
       122,      8882,   4547584,         0,     12.65,      0.05,     12.59,      0.00
       123,     15220,   7792640,         0,     21.64,      0.05,     21.59,      0.00
       124,       298,    152873,         0,      0.47,      0.05,      0.42,      0.00
       125,      3141,   1611333,         0,      4.51,      0.05,      4.46,      0.00
       126,       323,    165699,         0,      0.50,      0.05,      0.45,      0.00
       127,       620,    318041,         0,      0.93,      0.05,      0.88,      0.00
       128,       470,    241079,         0,      0.71,      0.05,      0.66,      0.00
       129,      1705,    874510,         0,      2.43,      0.05,      2.37,      0.00
       130,       216,    110807,         0,      0.35,      0.05,      0.30,      0.00
       131,       208,    106680,         0,      0.35,      0.05,      0.30,      0.00
       132,       224,    114906,         0,      0.36,      0.05,      0.31,      0.00
       133,       501,    257013,         0,      0.76,      0.05,      0.71,      0.00
       134,       209,    107217,         0,      0.35,      0.05,      0.30,      0.00
       135,       901,    462073,         0,      1.31,      0.05,      1.25,      0.00
       136,       204,    104652,         0,      0.34,      0.05,      0.29,      0.00
       137,       281,    144153,         0,      0.45,      0.05,      0.40,      0.00
       138,       284,    145670,         0,      0.45,      0.05,      0.41,      0.00
       139,       775,    396800,         0,      1.15,      0.05,      1.11,      0.00
       140,      1910,    979825,         0,      2.77,      0.05,      2.71,      0.00
       141,       285,    146205,         0,      0.46,      0.05,      0.41,      0.00
       142,       849,    435537,         0,      1.25,      0.05,      1.20,      0.00
       143,       352,    180576,         0,      0.55,      0.05,      0.50,      0.00
       144,       227,    116451,         0,      0.37,      0.05,      0.32,      0.00
       145,       388,    199044,         0,      0.60,      0.05,      0.55,      0.00
       146,       302,    154624,         0,      0.48,      0.05,      0.43,      0.00
       147,       334,    171339,         0,      0.53,      0.05,      0.47,      0.00
       148,       240,    123120,         0,      0.39,      0.05,      0.34,      0.00
       149,       204,    104652,         0,      0.34,      0.05,      0.29,      0.00
       150,       264,    135432,         0,      0.43,      0.05,      0.38,      0.00
       151,       212,    108756,         0,      0.35,      0.05,      0.30,      0.00
       152,       291,    149283,         0,      0.47,      0.05,      0.42,      0.00
       153,       216,    110808,         0,      0.36,      0.05,      0.31,      0.00
       154,       555,    284715,         0,      0.84,      0.05,      0.79,      0.00
       155,       209,    107216,         0,      0.35,      0.05,      0.30,      0.00
       156,       279,    143125,         0,      0.45,      0.05,      0.40,      0.00
       157,       246,    126198,         0,      0.40,      0.05,      0.35,      0.00
       158,       359,    184147,         0,      0.56,      0.05,      0.51,      0.00
       159,       791,    405704,         0,      1.17,      0.05,      1.12,      0.00
       160,      1356,    695429,         0,      1.97,      0.05,      1.92,      0.00
       161,       203,    104139,         0,      0.34,      0.05,      0.29,      0.00
       162,       207,    106191,         0,      0.34,      0.05,      0.30,      0.00
       163,       257,    131841,         0,      0.41,      0.05,      0.37,      0.00
       164,       259,    132867,         0,      0.42,      0.05,      0.37,      0.00
       165,       383,    196479,         0,      0.59,      0.05,      0.54,      0.00
       166,       659,    338067,         0,      0.98,      0.05,      0.93,      0.00
       167,       259,    132867,         0,      0.41,      0.05,      0.37,      0.00
       168,       283,    145175,         0,      0.45,      0.05,      0.40,      0.00
       169,       299,    153387,         0,      0.47,      0.05,      0.42,      0.00
       170,       462,    237006,         0,      0.71,      0.05,      0.66,      0.00
       171,       261,    133893,         0,      0.42,      0.05,      0.37,      0.00
       172,       246,    126198,         0,      0.40,      0.05,      0.35,      0.00
       173,      1589,    813568,         0,      2.29,      0.05,      2.24,      0.00
       174,     19769,  10121728,         0,     28.03,      0.05,     27.97,      0.00
       175,       201,    102912,         0,      0.34,      0.05,      0.29,      0.00
       176,       237,    121564,         0,      0.38,      0.05,      0.34,      0.00
       177,       528,    270336,         0,      0.80,      0.05,      0.75,      0.00
       178,       231,    118500,         0,      0.38,      0.05,      0.33,      0.00
       179,       327,    167681,         0,      0.51,      0.05,      0.46,      0.00
       180,       245,    125685,         0,      0.40,      0.05,      0.35,      0.00
       181,       275,    141060,         0,      0.44,      0.05,      0.39,      0.00
       182,       228,    116962,         0,      0.37,      0.05,      0.32,      0.00
       183,       242,    124146,         0,      0.39,      0.05,      0.34,      0.00
       184,       777,    398601,         0,      1.15,      0.05,      1.10,      0.00
       185,       654,    335462,         0,      0.97,      0.05,      0.92,      0.00
       186,       223,    114398,         0,      0.36,      0.05,      0.32,      0.00
       187,       505,    258560,         0,      0.77,      0.05,      0.72,      0.00
       188,       287,    147231,         0,      0.46,      0.05,      0.41,      0.00
       189,       228,    116964,         0,      0.37,      0.05,      0.32,      0.00
       190,      2598,   1332774,         0,      3.71,      0.05,      3.66,      0.00
       191,       541,    277532,         0,      0.82,      0.05,      0.77,      0.00
       192,      2582,   1324566,         0,      3.67,      0.05,      3.62,      0.00
       193,       951,    487855,         0,      1.41,      0.05,      1.36,      0.00
       194,       281,    144153,         0,      0.45,      0.05,      0.40,      0.00
       195,       701,    359613,         0,      1.04,      0.05,      0.99,      0.00
       196,       445,    228283,         0,      0.68,      0.05,      0.63,      0.00
       197,       228,    116964,         0,      0.37,      0.05,      0.32,      0.00
       198,       240,    123120,         0,      0.39,      0.05,      0.34,      0.00
       199,       242,    124146,         0,      0.39,      0.05,      0.34,      0.00
       200,       290,    148724,         0,      0.46,      0.05,      0.41,      0.00
       201,       283,    145179,         0,      0.46,      0.05,      0.41,      0.00
       202,       863,    442718,         0,      1.28,      0.05,      1.23,      0.00
       203,      1019,    522746,         0,      1.50,      0.05,      1.45,      0.00
       204,       229,    117418,         0,      0.38,      0.05,      0.33,      0.00
       205,      1390,    713070,         0,      2.02,      0.05,      1.97,      0.00
       206,       236,    121068,         0,      0.39,      0.05,      0.34,      0.00
       207,       215,    110283,         0,      0.36,      0.05,      0.31,      0.00
       208,       230,    117959,         0,      0.38,      0.05,      0.33,      0.00
       209,       224,    114912,         0,      0.37,      0.05,      0.32,      0.00
       210,       894,    457728,         0,      1.32,      0.05,      1.27,      0.00
       211,       211,    108242,         0,      0.35,      0.05,      0.30,      0.00
       212,       282,    144666,         0,      0.45,      0.05,      0.40,      0.00
       213,       380,    194940,         0,      0.59,      0.05,      0.54,      0.00
       214,       269,    137993,         0,      0.43,      0.05,      0.38,      0.00
       215,      1785,    915507,         0,      2.60,      0.05,      2.54,      0.00
       216,       327,    167751,         0,      0.51,      0.05,      0.46,      0.00
       217,      1454,    745902,         0,      2.11,      0.05,      2.06,      0.00
       218,       203,    104139,         0,      0.34,      0.05,      0.29,      0.00
       219,     14620,   7485440,         0,     20.81,      0.05,     20.76,      0.00
       220,       213,    109269,         0,      0.35,      0.05,      0.30,      0.00
       221,     15236,   7800832,         0,     21.60,      0.05,     21.55,      0.00
       222,       278,    142510,         0,      0.45,      0.05,      0.40,      0.00
       223,       214,    109782,         0,      0.35,      0.05,      0.31,      0.00
       224,       249,    127737,         0,      0.41,      0.05,      0.36,      0.00
       225,       228,    116964,         0,      0.37,      0.05,      0.32,      0.00
       226,       222,    113886,         0,      0.36,      0.05,      0.32,      0.00
       227,       527,    269824,         0,      0.80,      0.05,      0.75,      0.00
       228,       301,    154408,         0,      0.48,      0.05,      0.43,      0.00
       229,       247,    126711,         0,      0.40,      0.05,      0.35,      0.00
       230,       230,    117987,         0,      0.38,      0.05,      0.33,      0.00
       231,       314,    161082,         0,      0.50,      0.05,      0.45,      0.00
       232,       390,    199680,         0,      0.60,      0.05,      0.55,      0.00
       233,       274,    140562,         0,      0.44,      0.05,      0.39,      0.00
       234,      1444,    740626,         0,      2.11,      0.05,      2.06,      0.00
       235,       294,    150528,         0,      0.47,      0.05,      0.42,      0.00
       236,       316,    162095,         0,      0.50,      0.05,      0.45,      0.00
       237,       492,    252387,         0,      0.75,      0.05,      0.70,      0.00
       238,       298,    152874,         0,      0.47,      0.05,      0.42,      0.00
       239,       311,    159543,         0,      0.49,      0.05,      0.44,      0.00
       240,       270,    138510,         0,      0.43,      0.05,      0.38,      0.00
       241,       442,    226746,         0,      0.68,      0.05,      0.63,      0.00
       242,       211,    108243,         0,      0.35,      0.05,      0.30,      0.00
       243,       263,    134919,         0,      0.43,      0.05,      0.37,      0.00
       244,       365,    187245,         0,      0.59,      0.06,      0.52,      0.00
       245,       262,    134402,         0,      0.42,      0.05,      0.37,      0.00
       246,       391,    200515,         0,      0.60,      0.05,      0.55,      0.00
       247,       678,    347136,         0,      1.02,      0.05,      0.97,      0.00
       248,      1093,    560707,         0,      1.61,      0.05,      1.56,      0.00
       249,       246,    126198,         0,      0.40,      0.05,      0.35,      0.00
       250,       215,    110294,         0,      0.36,      0.05,      0.31,      0.00
       251,       254,    130302,         0,      0.41,      0.05,      0.36,      0.00
       252,       370,    189748,         0,      0.58,      0.05,      0.52,      0.00
       253,       307,    157486,         0,      0.48,      0.05,      0.43,      0.00
       254,       542,    278031,         0,      0.82,      0.05,      0.77,      0.00
       255,       658,    336896,         0,      0.98,      0.05,      0.93,      0.00
       256,       563,    288819,         0,      0.83,      0.05,      0.79,      0.00
       257,       343,    175959,         0,      0.53,      0.05,      0.48,      0.00
       258,      3342,   1711104,         0,      4.82,      0.05,      4.77,      0.00
       259,       247,    126711,         0,      0.40,      0.05,      0.35,      0.00
       260,       206,    105678,         0,      0.34,      0.05,      0.29,      0.00
       261,       227,    116449,         0,      0.37,      0.05,      0.32,      0.00
       262,       289,    148257,         0,      0.46,      0.05,      0.41,      0.00
       263,       221,    113310,         0,      0.37,      0.05,      0.32,      0.00
       264,       223,    114399,         0,      0.37,      0.05,      0.32,      0.00
       265,       289,    148237,         0,      0.46,      0.05,      0.41,      0.00
       266,       878,    450358,         0,      1.30,      0.05,      1.25,      0.00
       267,       325,    166708,         0,      0.52,      0.05,      0.47,      0.00
       268,       550,    282150,         0,      0.84,      0.05,      0.79,      0.00
       269,       219,    112347,         0,      0.36,      0.05,      0.31,      0.00
       270,       258,    132354,         0,      0.42,      0.05,      0.37,      0.00
       271,     45601,  23347712,         0,     64.41,      0.05,     64.35,      0.00
       272,       367,    187904,         0,      0.57,      0.05,      0.52,      0.00
       273,       316,    162087,         0,      0.50,      0.05,      0.45,      0.00
       274,       458,    234917,         0,      0.70,      0.05,      0.65,      0.00
       275,       311,    159543,         0,      0.49,      0.05,      0.44,      0.00
       276,       262,    134406,         0,      0.42,      0.05,      0.37,      0.00
       277,       359,    184160,         0,      0.56,      0.05,      0.51,      0.00
       278,       329,    168773,         0,      0.52,      0.05,      0.47,      0.00
       279,       705,    360960,         0,      1.05,      0.05,      1.00,      0.00
       280,       586,    300618,         0,      0.88,      0.05,      0.83,      0.00
       281,       247,    126464,         0,      0.40,      0.05,      0.35,      0.00
       282,       253,    129789,         0,      0.41,      0.05,      0.36,      0.00
       283,       264,    135432,         0,      0.42,      0.05,      0.37,      0.00
       284,       507,    259922,         0,      0.77,      0.05,      0.72,      0.00
       285,      2822,   1444864,         0,      4.05,      0.05,      3.99,      0.00
       286,       479,    245248,         0,      0.73,      0.05,      0.68,      0.00
       287,       253,    129725,         0,      0.41,      0.05,      0.36,      0.00
       288,       514,    263682,         0,      0.78,      0.05,      0.73,      0.00
       289,       265,    135945,         0,      0.42,      0.05,      0.37,      0.00
       290,       209,    107217,         0,      0.34,      0.05,      0.29,      0.00
       291,       318,    163134,         0,      0.50,      0.05,      0.45,      0.00
       292,       202,    103626,         0,      0.33,      0.05,      0.29,      0.00
       293,       228,    116964,         0,      0.37,      0.05,      0.32,      0.00
       294,       204,    104652,         0,      0.33,      0.05,      0.29,      0.00
       295,       309,    158517,         0,      0.48,      0.05,      0.43,      0.00
       296,       236,    121068,         0,      0.38,      0.05,      0.33,      0.00
       297,       295,    151335,         0,      0.46,      0.05,      0.41,      0.00
       298,       499,    255987,         0,      0.75,      0.05,      0.71,      0.00
       299,       228,    116964,         0,      0.37,      0.05,      0.32,      0.00
       300,       250,    128237,         0,      0.40,      0.05,      0.35,      0.00
       301,       387,    198475,         0,      0.60,      0.05,      0.55,      0.00
       302,       267,    136971,         0,      0.43,      0.05,      0.38,      0.00
       303,       243,    124659,         0,      0.39,      0.05,      0.35,      0.00
       304,       917,    469504,         0,      1.36,      0.05,      1.31,      0.00
       305,     12868,   6588416,         0,     18.23,      0.05,     18.17,      0.00
       306,       421,    215552,         0,      0.64,      0.05,      0.59,      0.00
       307,      1905,    977132,         0,      2.74,      0.05,      2.69,      0.00
       308,       443,    227259,         0,      0.67,      0.05,      0.63,      0.00
       309,       593,    304203,         0,      0.89,      0.05,      0.84,      0.00
       310,      1588,    814644,         0,      2.28,      0.05,      2.23,      0.00
       311,      2787,   1426944,         0,      3.97,      0.05,      3.92,      0.00
       312,       234,    120042,         0,      0.38,      0.05,      0.33,      0.00
       313,       314,    161031,         0,      0.50,      0.05,      0.45,      0.00
       314,       227,    116451,         0,      0.37,      0.05,      0.32,      0.00
       315,      1349,    691949,         0,      1.96,      0.05,      1.91,      0.00
       316,       202,    103626,         0,      0.34,      0.05,      0.29,      0.00
       317,       302,    154926,         0,      0.48,      0.05,      0.43,      0.00
       318,       245,    125683,         0,      0.40,      0.05,      0.35,      0.00
       319,       200,    102600,         0,      0.33,      0.05,      0.28,      0.00
       320,       242,    124146,         0,      0.39,      0.05,      0.34,      0.00
       321,      1451,    744213,         0,      2.10,      0.05,      2.05,      0.00
       322,       294,    150822,         0,      0.47,      0.05,      0.42,      0.00
       323,       213,    109056,         0,      0.35,      0.05,      0.30,      0.00
       324,       202,    103626,         0,      0.34,      0.05,      0.29,      0.00
       325,       270,    138473,         0,      0.43,      0.05,      0.38,      0.00
       326,     10973,   5618176,         0,     15.59,      0.05,     15.54,      0.00
       327,      7023,   3595776,         0,      9.94,      0.05,      9.89,      0.00
       328,       244,    124928,         0,      0.40,      0.05,      0.35,      0.00
       329,      6500,   3328000,         0,      9.27,      0.05,      9.21,      0.00
       330,       202,    103424,         0,      0.34,      0.05,      0.29,      0.00
       331,       296,    151843,         0,      0.47,      0.05,      0.42,      0.00
       332,       228,    116955,         0,      0.37,      0.05,      0.32,      0.00
       333,       373,    191332,         0,      0.58,      0.05,      0.53,      0.00
       334,       219,    112304,         0,      0.36,      0.05,      0.31,      0.00
       335,       804,    412451,         0,      1.19,      0.05,      1.14,      0.00
       336,       351,    180063,         0,      0.55,      0.05,      0.50,      0.00
       337,       323,    165695,         0,      0.51,      0.05,      0.46,      0.00
       338,       307,    157491,         0,      0.49,      0.05,      0.44,      0.00
       339,       209,    107217,         0,      0.34,      0.05,      0.30,      0.00
       340,       261,    133893,         0,      0.42,      0.05,      0.37,      0.00
       341,      1543,    790016,         0,      2.23,      0.05,      2.18,      0.00
       342,       464,    238032,         0,      0.71,      0.05,      0.66,      0.00
       343,       541,    276992,         0,      0.82,      0.05,      0.77,      0.00
       344,       594,    304128,         0,      0.89,      0.05,      0.84,      0.00
       345,       384,    196608,         0,      0.59,      0.05,      0.54,      0.00
       346,       244,    125172,         0,      0.40,      0.05,      0.35,      0.00
       347,     37469,  19221557,         0,     53.13,      0.05,     53.07,      0.00
       348,       238,    122094,         0,      0.39,      0.05,      0.34,      0.00
       349,       322,    165186,         0,      0.51,      0.05,      0.46,      0.00
       350,       225,    115425,         0,      0.37,      0.05,      0.32,      0.00
       351,       391,    200583,         0,      0.60,      0.05,      0.55,      0.00
       352,       505,    259049,         0,      0.76,      0.05,      0.71,      0.00
       353,       205,    105165,         0,      0.34,      0.05,      0.29,      0.00
       354,       231,    118500,         0,      0.38,      0.05,      0.33,      0.00
       355,      1434,    734208,         0,      2.08,      0.05,      2.03,      0.00
       356,       202,    103626,         0,      0.34,      0.05,      0.29,      0.00
       357,       574,    293888,         0,      0.87,      0.05,      0.82,      0.00
       358,       230,    117990,         0,      0.38,      0.05,      0.33,      0.00
       359,      1139,    583168,         0,      1.67,      0.05,      1.62,      0.00
       360,       201,    103112,         0,      0.33,      0.05,      0.29,      0.00
       361,     20594,  10544128,         0,     29.13,      0.05,     29.07,      0.00
       362,       282,    144666,         0,      0.45,      0.05,      0.41,      0.00
       363,     19519,  10013157,         0,     27.67,      0.05,     27.62,      0.00
       364,      1032,    528384,         0,      1.51,      0.05,      1.46,      0.00
       365,       232,    118784,         0,      0.38,      0.05,      0.33,      0.00
       366,       223,    114366,         0,      0.37,      0.05,      0.32,      0.00
       367,       238,    122093,         0,      0.39,      0.05,      0.34,      0.00
       368,       248,    127224,         0,      0.40,      0.05,      0.35,      0.00
       369,       202,    103626,         0,      0.33,      0.05,      0.29,      0.00
       370,       270,    138510,         0,      0.43,      0.05,      0.38,      0.00
       371,       446,    228788,         0,      0.69,      0.05,      0.64,      0.00
       372,       229,    117452,         0,      0.38,      0.05,      0.33,      0.00
       373,       248,    127224,         0,      0.40,      0.05,      0.36,      0.00
       374,       232,    119016,         0,      0.38,      0.05,      0.33,      0.00
       375,       237,    121344,         0,      0.39,      0.05,      0.34,      0.00
       376,       274,    140545,         0,      0.44,      0.05,      0.39,      0.00
       377,       288,    147744,         0,      0.46,      0.05,      0.41,      0.00
       378,       257,    131818,         0,      0.41,      0.05,      0.36,      0.00
       379,       208,    106704,         0,      0.35,      0.05,      0.29,      0.00
       380,       241,    123629,         0,      0.39,      0.05,      0.34,      0.00
       381,       291,    149264,         0,      0.47,      0.05,      0.42,      0.00
       382,       380,    194836,         0,      0.59,      0.05,      0.54,      0.00
       383,       400,    205200,         0,      0.62,      0.05,      0.57,      0.00
       384,       529,    271377,         0,      0.80,      0.05,      0.75,      0.00
       385,       259,    132867,         0,      0.42,      0.05,      0.37,      0.00
       386,     12844,   6576128,         0,     18.24,      0.05,     18.18,      0.00
       387,       260,    133302,         0,      0.42,      0.05,      0.37,      0.00
       388,       275,    141075,         0,      0.44,      0.05,      0.39,      0.00
       389,       411,    210432,         0,      0.63,      0.05,      0.58,      0.00
       390,       564,    289173,         0,      0.83,      0.05,      0.78,      0.00
       391,       224,    114912,         0,      0.37,      0.05,      0.32,      0.00
       392,       478,    245100,         0,      0.73,      0.05,      0.68,      0.00
       393,      1302,    666624,         0,      1.84,      0.05,      1.79,      0.00
       394,       441,    226208,         0,      0.68,      0.05,      0.63,      0.00
       395,       233,    119529,         0,      0.38,      0.05,      0.33,      0.00
       396,      1291,    660992,         0,      1.88,      0.05,      1.83,      0.00
       397,       231,    118503,         0,      0.38,      0.05,      0.33,      0.00
       398,       205,    105161,         0,      0.34,      0.05,      0.29,      0.00
       399,       439,    225207,         0,      0.67,      0.05,      0.62,      0.00
       400,       343,    175616,         0,      0.54,      0.05,      0.49,      0.00
       401,       356,    182272,         0,      0.56,      0.05,      0.51,      0.00
       402,       899,    461111,         0,      1.32,      0.05,      1.27,      0.00
       403,       256,    131328,         0,      0.41,      0.05,      0.36,      0.00
       404,      1343,    687616,         0,      1.97,      0.05,      1.92,      0.00
       405,       242,    124143,         0,      0.39,      0.05,      0.35,      0.00
       406,       205,    105164,         0,      0.34,      0.05,      0.29,      0.00
       407,       390,    199942,         0,      0.60,      0.05,      0.55,      0.00
       408,       247,    126711,         0,      0.40,      0.05,      0.35,      0.00
       409,       230,    117990,         0,      0.38,      0.05,      0.33,      0.00
       410,       553,    283578,         0,      0.83,      0.05,      0.78,      0.00
       411,       260,    133347,         0,      0.42,      0.05,      0.37,      0.00
       412,       202,    103597,         0,      0.34,      0.05,      0.29,      0.00
       413,       225,    115417,         0,      0.37,      0.05,      0.32,      0.00
       414,      3448,   1765376,         0,      4.95,      0.05,      4.90,      0.00
       415,       343,    175944,         0,      0.54,      0.05,      0.49,      0.00
       416,     10567,   5410304,         0,     15.01,      0.05,     14.95,      0.00
       417,       283,    144896,         0,      0.45,      0.05,      0.40,      0.00
       418,      6752,   3457024,         0,      9.62,      0.05,      9.56,      0.00
       419,       260,    133380,         0,      0.42,      0.05,      0.37,      0.00
       420,       205,    105165,         0,      0.34,      0.05,      0.29,      0.00
       421,       219,    112347,         0,      0.36,      0.05,      0.31,      0.00
       422,       312,    159744,         0,      0.50,      0.05,      0.45,      0.00
       423,     58148,  29771776,         0,     82.38,      0.05,     82.32,      0.00
       424,       555,    284702,         0,      0.83,      0.05,      0.78,      0.00
       425,       206,    105678,         0,      0.35,      0.05,      0.30,      0.00
       426,       396,    202752,         0,      0.62,      0.05,      0.57,      0.00
       427,       562,    288306,         0,      0.86,      0.05,      0.81,      0.00
       428,      7841,   4014592,         0,     11.20,      0.05,     11.14,      0.00
       429,       286,    146718,         0,      0.45,      0.05,      0.40,      0.00
       430,       231,    118503,         0,      0.38,      0.05,      0.33,      0.00
       431,       257,    131829,         0,      0.41,      0.05,      0.36,      0.00
       432,       553,    283575,         0,      0.84,      0.05,      0.79,      0.00
       433,       281,    144153,         0,      0.45,      0.05,      0.40,      0.00
       434,       229,    117477,         0,      0.38,      0.05,      0.33,      0.00
       435,       800,    410234,         0,      1.20,      0.05,      1.14,      0.00
       436,       203,    104139,         0,      0.34,      0.05,      0.29,      0.00
       437,       213,    109220,         0,      0.35,      0.05,      0.30,      0.00
       438,       239,    122607,         0,      0.39,      0.05,      0.34,      0.00
       439,       245,    125685,         0,      0.40,      0.05,      0.35,      0.00
       440,       344,    176445,         0,      0.54,      0.05,      0.49,      0.00
       441,       241,    123633,         0,      0.39,      0.05,      0.34,      0.00
       442,     23618,  12092416,         0,     33.37,      0.05,     33.31,      0.00
       443,      1030,    527360,         0,      1.51,      0.05,      1.46,      0.00
       444,       232,    119012,         0,      0.38,      0.05,      0.33,      0.00
       445,       206,    105664,         0,      0.34,      0.05,      0.29,      0.00
       446,       240,    123120,         0,      0.39,      0.05,      0.34,      0.00
       447,       830,    424960,         0,      1.23,      0.05,      1.18,      0.00
       448,       378,    193761,         0,      0.59,      0.05,      0.54,      0.00
       449,    220283, 112784896,         0,    312.00,      0.04,    311.88,      0.00
       450,       217,    111320,         0,      0.36,      0.05,      0.31,      0.00
       451,       845,    433385,         0,      1.26,      0.05,      1.21,      0.00
       452,      1115,    570880,         0,      1.65,      0.05,      1.60,      0.00
       453,      6005,   3074560,         0,      8.64,      0.05,      8.59,      0.00
       454,       221,    113373,         0,      0.37,      0.05,      0.32,      0.00
       455,       337,    172881,         0,      0.52,      0.05,      0.47,      0.00
       456,       259,    132867,         0,      0.42,      0.05,      0.37,      0.00
       457,      1893,    969216,         0,      2.75,      0.05,      2.70,      0.00
       458,       202,    103626,         0,      0.34,      0.05,      0.29,      0.00
       459,      8949,   4581888,         0,     12.77,      0.05,     12.72,      0.00
       460,       226,    115938,         0,      0.37,      0.05,      0.32,      0.00
       461,       315,    161485,         0,      0.50,      0.05,      0.45,      0.00
       462,       204,    104652,         0,      0.34,      0.05,      0.29,      0.00
       463,       233,    119525,         0,      0.38,      0.05,      0.33,      0.00
       464,       252,    129276,         0,      0.41,      0.05,      0.36,      0.00
       465,       455,    233319,         0,      0.70,      0.05,      0.65,      0.00
       466,       326,    167237,         0,      0.51,      0.05,      0.47,      0.00
       467,       529,    270848,         0,      0.81,      0.05,      0.76,      0.00
       468,       254,    130302,         0,      0.42,      0.05,      0.37,      0.00
       469,       203,    104139,         0,      0.35,      0.05,      0.29,      0.00
       470,       267,    136971,         0,      0.43,      0.05,      0.38,      0.00
       471,       369,    189295,         0,      0.57,      0.05,      0.52,      0.00
       472,       734,    376378,         0,      1.10,      0.05,      1.05,      0.00
       473,       292,    149796,         0,      0.47,      0.05,      0.42,      0.00
       474,       245,    125683,         0,      0.40,      0.05,      0.35,      0.00
       475,       246,    126198,         0,      0.40,      0.05,      0.35,      0.00
       476,      1104,    565248,         0,      1.62,      0.05,      1.57,      0.00
       477,       479,    245248,         0,      0.74,      0.05,      0.68,      0.00
       478,      2419,   1240947,         0,      3.51,      0.05,      3.46,      0.00
       479,       233,    119529,         0,      0.38,      0.05,      0.34,      0.00
       480,       211,    108243,         0,      0.35,      0.05,      0.30,      0.00
       481,       865,    443745,         0,      1.29,      0.05,      1.24,      0.00
       482,       223,    114399,         0,      0.37,      0.05,      0.32,      0.00
       483,       312,    160030,         0,      0.49,      0.05,      0.44,      0.00
       484,       433,    222129,         0,      0.67,      0.05,      0.62,      0.00
       485,       466,    239042,         0,      0.72,      0.05,      0.67,      0.00
       486,       261,    133878,         0,      0.42,      0.05,      0.37,      0.00
       487,       224,    114912,         0,      0.37,      0.05,      0.32,      0.00
       488,       232,    119015,         0,      0.38,      0.05,      0.33,      0.00
       489,       226,    115930,         0,      0.37,      0.05,      0.32,      0.00
       490,       228,    116964,         0,      0.37,      0.04,      0.33,      0.00
       491,       298,    152830,         0,      0.48,      0.05,      0.42,      0.00
       492,       224,    114912,         0,      0.37,      0.05,      0.32,      0.00
       493,       266,    136388,         0,      0.43,      0.05,      0.38,      0.00
       494,       286,    146718,         0,      0.46,      0.05,      0.41,      0.00
       495,       261,    133893,         0,      0.42,      0.05,      0.38,      0.00
       496,       348,    178498,         0,      0.55,      0.05,      0.50,      0.00
       497,       217,    111321,         0,      0.35,      0.05,      0.31,      0.00
       498,       322,    165186,         0,      0.51,      0.05,      0.46,      0.00
       499,       285,    146205,         0,      0.45,      0.05,      0.40,      0.00
       500,       203,    104137,         0,      0.34,      0.05,      0.29,      0.00
       501,      2660,   1364457,         0,      3.82,      0.05,      3.77,      0.00
       502,       217,    111321,         0,      0.35,      0.04,      0.31,      0.00
       503,       838,    429754,         0,      1.23,      0.05,      1.18,      0.00
       504,       233,    119528,         0,      0.38,      0.05,      0.33,      0.00
       505,       253,    129789,         0,      0.41,      0.05,      0.36,      0.00
       506,      3443,   1762816,         0,      4.92,      0.05,      4.87,      0.00
       507,       458,    234905,         0,      0.70,      0.05,      0.65,      0.00
       508,       206,    105678,         0,      0.34,      0.05,      0.29,      0.00
       509,      4772,   2443264,         0,      6.81,      0.05,      6.76,      0.00
       510,       212,    108756,         0,      0.35,      0.05,      0.30,      0.00
       511,       558,    285696,         0,      0.84,      0.05,      0.79,      0.00
       512,       210,    107730,         0,      0.35,      0.05,      0.30,      0.00
       513,       249,    127737,         0,      0.40,      0.05,      0.35,      0.00
       514,       478,    245082,         0,      0.72,      0.05,      0.67,      0.00
       515,      1215,    623295,         0,      1.78,      0.05,      1.73,      0.00
       516,       298,    152862,         0,      0.47,      0.05,      0.42,      0.00
       517,     16343,   8367616,         0,     22.92,      0.05,     22.86,      0.00
       518,      1499,    768825,         0,      2.16,      0.05,      2.11,      0.00
       519,       257,    131841,         0,      0.42,      0.05,      0.37,      0.00
       520,       213,    109269,         0,      0.35,      0.04,      0.30,      0.00
       521,       462,    237006,         0,      0.70,      0.05,      0.66,      0.00
       522,       315,    161594,         0,      0.50,      0.05,      0.45,      0.00
       523,       257,    131841,         0,      0.41,      0.05,      0.36,      0.00
       524,       875,    448000,         0,      1.30,      0.05,      1.25,      0.00
       525,       428,    219464,         0,      0.66,      0.05,      0.61,      0.00
       526,       204,    104652,         0,      0.34,      0.05,      0.29,      0.00
       527,      1598,    818176,         0,      2.32,      0.05,      2.26,      0.00
       528,       232,    118998,         0,      0.38,      0.05,      0.33,      0.00
       529,       285,    146169,         0,      0.45,      0.05,      0.40,      0.00
       530,       212,    108756,         0,      0.35,      0.05,      0.30,      0.00
       531,      7569,   3882897,         0,     10.82,      0.05,     10.77,      0.00
       532,     12704,   6504448,         0,     17.96,      0.05,     17.90,      0.00
       533,       616,    316008,         0,      0.93,      0.05,      0.88,      0.00
       534,       365,    187245,         0,      0.58,      0.05,      0.52,      0.00
       535,       246,    126198,         0,      0.40,      0.05,      0.35,      0.00
       536,       290,    148770,         0,      0.47,      0.05,      0.42,      0.00
       537,       241,    123633,         0,      0.39,      0.05,      0.34,      0.00
       538,       289,    147968,         0,      0.47,      0.05,      0.41,      0.00
       539,       219,    112347,         0,      0.36,      0.05,      0.31,      0.00
       540,       217,    111321,         0,      0.36,      0.05,      0.31,      0.00
       541,       239,    122607,         0,      0.39,      0.05,      0.34,      0.00
       542,       202,    103618,         0,      0.34,      0.05,      0.29,      0.00
       543,       217,    111321,         0,      0.36,      0.05,      0.31,      0.00
       544,       331,    169801,         0,      0.52,      0.05,      0.47,      0.00
       545,       212,    108756,         0,      0.35,      0.05,      0.30,      0.00
       546,       773,    396489,         0,      1.14,      0.05,      1.09,      0.00
       547,       404,    207252,         0,      0.62,      0.05,      0.57,      0.00
       548,       947,    485811,         0,      1.38,      0.05,      1.33,      0.00
       549,      1596,    818748,         0,      2.32,      0.05,      2.27,      0.00
       550,       263,    134919,         0,      0.42,      0.05,      0.37,      0.00
       551,       218,    111833,         0,      0.36,      0.05,      0.31,      0.00
       552,      5658,   2896896,         0,      8.03,      0.05,      7.98,      0.00
       553,      1008,    517104,         0,      1.47,      0.05,      1.42,      0.00
       554,       202,    103626,         0,      0.33,      0.05,      0.29,      0.00
       555,       436,    223668,         0,      0.67,      0.05,      0.62,      0.00
       556,      4542,   2325504,         0,      6.49,      0.05,      6.43,      0.00
       557,       823,    422143,         0,      1.21,      0.05,      1.16,      0.00
       558,      7565,   3873280,         0,     10.74,      0.05,     10.68,      0.00
       559,    154316,  79009792,         0,    218.37,      0.05,    218.27,      0.00
       560,       208,    106683,         0,      0.34,      0.05,      0.29,      0.00
       561,       210,    107730,         0,      0.34,      0.05,      0.30,      0.00
       562,       216,    110808,         0,      0.35,      0.05,      0.31,      0.00
       563,       248,    127224,         0,      0.40,      0.04,      0.35,      0.00
       564,       359,    184167,         0,      0.55,      0.05,      0.51,      0.00
       565,       295,    151040,         0,      0.47,      0.05,      0.42,      0.00
       566,     31339,  16076842,         0,     44.24,      0.05,     44.19,      0.00
       567,       480,    246192,         0,      0.73,      0.05,      0.68,      0.00
       568,       214,    109782,         0,      0.35,      0.05,      0.30,      0.00
       569,       302,    154922,         0,      0.48,      0.05,      0.43,      0.00
       570,       203,    104139,         0,      0.33,      0.05,      0.29,      0.00
       571,       252,    129276,         0,      0.40,      0.04,      0.36,      0.00
       572,      1310,    672027,         0,      1.90,      0.05,      1.85,      0.00
       573,       215,    110275,         0,      0.35,      0.05,      0.31,      0.00
       574,       243,    124659,         0,      0.39,      0.05,      0.35,      0.00
       575,       221,    113152,         0,      0.36,      0.05,      0.32,      0.00
       576,       284,    145692,         0,      0.45,      0.05,      0.40,      0.00
       577,       219,    112347,         0,      0.36,      0.05,      0.31,      0.00
       578,       336,    172032,         0,      0.53,      0.05,      0.48,      0.00
       579,       212,    108756,         0,      0.35,      0.05,      0.30,      0.00
       580,       383,    196335,         0,      0.59,      0.05,      0.54,      0.00
       581,       272,    139536,         0,      0.43,      0.05,      0.39,      0.00
       582,       606,    310272,         0,      0.91,      0.05,      0.86,      0.00
       583,       694,    356018,         0,      1.03,      0.05,      0.98,      0.00
       584,       255,    130815,         0,      0.41,      0.05,      0.36,      0.00
       585,       232,    119016,         0,      0.38,      0.05,      0.33,      0.00
       586,       544,    278897,         0,      0.82,      0.05,      0.77,      0.00
       587,       246,    126198,         0,      0.40,      0.05,      0.35,      0.00
       588,       214,    109782,         0,      0.35,      0.05,      0.30,      0.00
       589,       588,    301644,         0,      0.87,      0.05,      0.83,      0.00
       590,       207,    106191,         0,      0.34,      0.05,      0.29,      0.00
       591,      2040,   1044480,         0,      2.91,      0.05,      2.86,      0.00
       592,       398,    204133,         0,      0.61,      0.05,      0.56,      0.00
       593,       405,    207765,         0,      0.62,      0.05,      0.57,      0.00
       594,       300,    153900,         0,      0.47,      0.05,      0.42,      0.00
       595,       739,    378368,         0,      1.10,      0.05,      1.04,      0.00
       596,       205,    105165,         0,      0.34,      0.04,      0.29,      0.00
       597,      2838,   1453056,         0,      4.06,      0.05,      4.01,      0.00
       598,       385,    197120,         0,      0.60,      0.05,      0.55,      0.00
       599,       421,    215973,         0,      0.65,      0.05,      0.60,      0.00
       600,      1044,    535570,         0,      1.54,      0.05,      1.49,      0.00
       601,       274,    140541,         0,      0.43,      0.05,      0.38,      0.00
       602,       494,    252928,         0,      0.74,      0.05,      0.69,      0.00
       603,       732,    374784,         0,      1.08,      0.05,      1.03,      0.00
       604,       477,    244224,         0,      0.73,      0.05,      0.68,      0.00
       605,       243,    124659,         0,      0.39,      0.05,      0.34,      0.00
       606,      5958,   3056441,         0,      8.47,      0.05,      8.42,      0.00
       607,       302,    154821,         0,      0.48,      0.05,      0.43,      0.00
       608,       389,    199528,         0,      0.60,      0.05,      0.55,      0.00
       609,       377,    193316,         0,      0.59,      0.05,      0.54,      0.00
       610,       241,    123610,         0,      0.39,      0.05,      0.34,      0.00
       611,       204,    104448,         0,      0.34,      0.05,      0.29,      0.00
       612,       243,    124620,         0,      0.39,      0.05,      0.35,      0.00
       613,       332,    170316,         0,      0.52,      0.05,      0.47,      0.00
       614,      1587,    812544,         0,      2.26,      0.05,      2.21,      0.00
       615,       295,    151251,         0,      0.47,      0.05,      0.42,      0.00
       616,       216,    110808,         0,      0.35,      0.04,      0.31,      0.00
       617,       220,    112860,         0,      0.36,      0.05,      0.31,      0.00
       618,     10308,   5277696,         0,     14.60,      0.05,     14.55,      0.00
       619,       215,    110295,         0,      0.35,      0.05,      0.30,      0.00
       620,       204,    104652,         0,      0.33,      0.05,      0.29,      0.00
       621,       240,    123120,         0,      0.39,      0.04,      0.34,      0.00
       622,       332,    170316,         0,      0.52,      0.05,      0.47,      0.00
       623,       972,    498571,         0,      1.42,      0.05,      1.37,      0.00
       624,       331,    169803,         0,      0.52,      0.05,      0.47,      0.00
       625,      1741,    891392,         0,      2.52,      0.05,      2.47,      0.00
       626,       267,    136965,         0,      0.43,      0.05,      0.38,      0.00
       627,      3876,   1984512,         0,      5.55,      0.05,      5.50,      0.00
       628,       229,    117477,         0,      0.37,      0.05,      0.33,      0.00
       629,       285,    146205,         0,      0.45,      0.05,      0.40,      0.00
       630,       215,    110295,         0,      0.35,      0.05,      0.30,      0.00
       631,       383,    196479,         0,      0.59,      0.05,      0.54,      0.00
       632,       228,    116962,         0,      0.37,      0.05,      0.32,      0.00
       633,       206,    105678,         0,      0.34,      0.05,      0.29,      0.00
       634,       239,    122607,         0,      0.38,      0.04,      0.34,      0.00
       635,       350,    179550,         0,      0.55,      0.05,      0.50,      0.00
       636,       229,    117477,         0,      0.37,      0.05,      0.32,      0.00
       637,       230,    117990,         0,      0.37,      0.05,      0.33,      0.00
       638,     10378,   5313536,         0,     14.71,      0.05,     14.65,      0.00
       639,       265,    135945,         0,      0.42,      0.05,      0.37,      0.00
       640,       739,    378368,         0,      1.10,      0.05,      1.05,      0.00
       641,       287,    147211,         0,      0.45,      0.05,      0.40,      0.00
       642,       613,    314469,         0,      0.91,      0.05,      0.86,      0.00
       643,       613,    314469,         0,      0.92,      0.05,      0.87,      0.00
       644,       278,    142603,         0,      0.44,      0.05,      0.39,      0.00
       645,       518,    265734,         0,      0.78,      0.05,      0.73,      0.00
       646,       286,    146662,         0,      0.45,      0.05,      0.40,      0.00
       647,       683,    350379,         0,      1.01,      0.05,      0.96,      0.00
       648,       210,    107730,         0,      0.34,      0.05,      0.30,      0.00
       649,       208,    106704,         0,      0.34,      0.05,      0.29,      0.00
       650,     45265,  23175680,         0,     63.99,      0.05,     63.92,      0.00
       651,      3650,   1868800,         0,      5.27,      0.05,      5.22,      0.00
       652,       304,    155648,         0,      0.48,      0.05,      0.43,      0.00
       653,       485,    248320,         0,      0.75,      0.05,      0.69,      0.00
       654,     18094,   9264128,         0,     25.89,      0.05,     25.84,      0.00
       655,       332,    170316,         0,      0.53,      0.05,      0.48,      0.00
       656,       239,    122607,         0,      0.39,      0.05,      0.34,      0.00
       657,      8109,   4151808,         0,     11.59,      0.05,     11.54,      0.00
       658,      1146,    587895,         0,      1.68,      0.05,      1.63,      0.00
       659,       231,    118499,         0,      0.38,      0.05,      0.33,      0.00
       660,       322,    165186,         0,      0.50,      0.05,      0.46,      0.00
       661,       273,    140049,         0,      0.44,      0.05,      0.39,      0.00
       662,       301,    154413,         0,      0.48,      0.05,      0.43,      0.00
       663,       322,    165186,         0,      0.51,      0.05,      0.46,      0.00
       664,       213,    109269,         0,      0.35,      0.05,      0.30,      0.00
       665,       530,    271753,         0,      0.81,      0.05,      0.76,      0.00
       666,       246,    126198,         0,      0.40,      0.05,      0.36,      0.00
       667,      1444,    739328,         0,      2.10,      0.05,      2.05,      0.00
       668,     83594,  42800128,         0,    118.19,      0.05,    118.12,      0.00
       669,      4013,   2054656,         0,      5.76,      0.05,      5.70,      0.00
       670,       455,    232960,         0,      0.70,      0.05,      0.65,      0.00
       671,       591,    303182,         0,      0.89,      0.05,      0.84,      0.00
       672,       249,    127729,         0,      0.41,      0.05,      0.36,      0.00
       673,      5502,   2817024,         0,      7.91,      0.05,      7.85,      0.00
       674,       206,    105678,         0,      0.34,      0.05,      0.30,      0.00
       675,       452,    231876,         0,      0.70,      0.05,      0.65,      0.00
       676,       308,    157950,         0,      0.49,      0.05,      0.44,      0.00
       677,       210,    107730,         0,      0.35,      0.05,      0.30,      0.00
       678,    211574, 108325888,         0,    299.57,      0.04,    299.47,      0.00
       679,       628,    322156,         0,      0.94,      0.05,      0.89,      0.00
       680,       294,    150822,         0,      0.47,      0.05,      0.42,      0.00
       681,       209,    107217,         0,      0.35,      0.05,      0.30,      0.00
       682,       789,    404614,         0,      1.16,      0.05,      1.11,      0.00
       683,       239,    122607,         0,      0.39,      0.05,      0.34,      0.00
       684,       253,    129789,         0,      0.41,      0.05,      0.36,      0.00
       685,       224,    114912,         0,      0.37,      0.05,      0.32,      0.00
       686,       217,    111321,         0,      0.36,      0.05,      0.31,      0.00
       687,       224,    114912,         0,      0.36,      0.05,      0.32,      0.00
       688,       222,    113885,         0,      0.36,      0.05,      0.31,      0.00
       689,       264,    135432,         0,      0.42,      0.05,      0.37,      0.00
       690,       224,    114912,         0,      0.36,      0.05,      0.32,      0.00
       691,       213,    109269,         0,      0.35,      0.05,      0.30,      0.00
       692,       201,    103113,         0,      0.33,      0.04,      0.28,      0.00
       693,       224,    114912,         0,      0.36,      0.05,      0.32,      0.00
       694,       281,    144153,         0,      0.45,      0.05,      0.40,      0.00
       695,      6178,   3163136,         0,      8.75,      0.05,      8.69,      0.00
       696,       238,    121856,         0,      0.39,      0.05,      0.34,      0.00
       697,       208,    106704,         0,      0.34,      0.05,      0.29,      0.00
       698,       231,    118503,         0,      0.37,      0.05,      0.33,      0.00
       699,       708,    363204,         0,      1.05,      0.05,      1.00,      0.00
       700,       440,    225720,         0,      0.67,      0.05,      0.62,      0.00
       701,      1431,    732672,         0,      2.05,      0.05,      2.01,      0.00
       702,       223,    114399,         0,      0.36,      0.05,      0.32,      0.00
       703,       247,    126711,         0,      0.39,      0.04,      0.35,      0.00
       704,       283,    145179,         0,      0.45,      0.05,      0.40,      0.00
       705,       273,    140049,         0,      0.44,      0.05,      0.39,      0.00
       706,      2420,   1239040,         0,      3.47,      0.05,      3.42,      0.00
       707,    195240,  99962880,         0,    276.12,      0.05,    276.01,      0.00
       708,       229,    117477,         0,      0.38,      0.05,      0.33,      0.00
       709,       203,    104139,         0,      0.34,      0.05,      0.29,      0.00
       710,       217,    111321,         0,      0.36,      0.05,      0.31,      0.00
       711,       205,    105165,         0,      0.34,      0.05,      0.29,      0.00
       712,       209,    107217,         0,      0.35,      0.05,      0.30,      0.00
       713,       209,    107217,         0,      0.35,      0.05,      0.30,      0.00
       714,      1513,    775983,         0,      2.21,      0.05,      2.16,      0.00
       715,       292,    149504,         0,      0.47,      0.05,      0.42,      0.00
       716,       564,    289175,         0,      0.86,      0.05,      0.81,      0.00
       717,       218,    111834,         0,      0.36,      0.05,      0.32,      0.00
       718,       430,    220590,         0,      0.67,      0.05,      0.62,      0.00
       719,       240,    123120,         0,      0.39,      0.05,      0.35,      0.00
       720,       275,    141075,         0,      0.44,      0.05,      0.39,      0.00
       721,       455,    233415,         0,      0.70,      0.05,      0.66,      0.00
       722,       290,    148480,         0,      0.47,      0.05,      0.42,      0.00
       723,       225,    115425,         0,      0.37,      0.05,      0.33,      0.00
       724,       238,    122094,         0,      0.39,      0.05,      0.34,      0.00
       725,       210,    107730,         0,      0.35,      0.05,      0.30,      0.00
       726,       508,    260601,         0,      0.78,      0.05,      0.73,      0.00
       727,     78394,  40137728,         0,    111.34,      0.05,    111.26,      0.00
       728,       292,    149796,         0,      0.46,      0.05,      0.41,      0.00
       729,       230,    117990,         0,      0.38,      0.05,      0.33,      0.00
       730,       223,    114383,         0,      0.36,      0.05,      0.31,      0.00
       731,       354,    181553,         0,      0.55,      0.05,      0.50,      0.00
       732,       283,    145179,         0,      0.45,      0.05,      0.40,      0.00
       733,       223,    114399,         0,      0.37,      0.05,      0.32,      0.00
       734,       214,    109782,         0,      0.35,      0.05,      0.30,      0.00
       735,       374,    191862,         0,      0.58,      0.05,      0.53,      0.00
       736,       237,    121581,         0,      0.38,      0.04,      0.34,      0.00
       737,       201,    103113,         0,      0.33,      0.05,      0.29,      0.00
       738,       365,    186880,         0,      0.56,      0.05,      0.51,      0.00
       739,      6345,   3248640,         0,      8.97,      0.05,      8.91,      0.00
       740,      5706,   2921472,         0,      8.12,      0.05,      8.07,      0.00
       741,       381,    195453,         0,      0.59,      0.05,      0.54,      0.00
       742,       712,    365256,         0,      1.06,      0.05,      1.01,      0.00
       743,       222,    113886,         0,      0.36,      0.05,      0.32,      0.00
       744,     12103,   6208697,         0,     17.20,      0.05,     17.15,      0.00
       745,      1267,    648704,         0,      1.85,      0.05,      1.80,      0.00
       746,       208,    106704,         0,      0.34,      0.04,      0.29,      0.00
       747,       275,    141075,         0,      0.44,      0.05,      0.39,      0.00
       748,       236,    121068,         0,      0.39,      0.05,      0.34,      0.00
       749,       222,    113886,         0,      0.36,      0.05,      0.31,      0.00
       750,       239,    122607,         0,      0.39,      0.05,      0.34,      0.00
       751,       288,    147740,         0,      0.46,      0.05,      0.41,      0.00
       752,       238,    122093,         0,      0.39,      0.05,      0.34,      0.00
       753,      1581,    811053,         0,      2.29,      0.05,      2.24,      0.00
       754,       895,    458240,         0,      1.32,      0.05,      1.27,      0.00
       755,       202,    103626,         0,      0.34,      0.05,      0.29,      0.00
       756,       251,    128763,         0,      0.41,      0.05,      0.36,      0.00
       757,      5343,   2735616,         0,      7.63,      0.05,      7.58,      0.00
       758,       223,    114399,         0,      0.37,      0.05,      0.32,      0.00
       759,      3322,   1700864,         0,      4.77,      0.05,      4.72,      0.00
       760,       205,    105165,         0,      0.34,      0.05,      0.29,      0.00
       761,       219,    112347,         0,      0.36,      0.05,      0.32,      0.00
       762,      2466,   1265058,         0,      3.56,      0.05,      3.51,      0.00
       763,       205,    105165,         0,      0.34,      0.05,      0.29,      0.00
       764,       811,    416042,         0,      1.19,      0.05,      1.14,      0.00
       765,       245,    125685,         0,      0.39,      0.05,      0.35,      0.00
       766,       255,    130815,         0,      0.41,      0.05,      0.36,      0.00
       767,       697,    357561,         0,      1.03,      0.05,      0.99,      0.00
       768,       211,    108243,         0,      0.35,      0.05,      0.30,      0.00
       769,     19732,  10102784,         0,     28.04,      0.05,     27.99,      0.00
       770,       331,    169803,         0,      0.52,      0.05,      0.47,      0.00
       771,     27066,  13857792,         0,     38.62,      0.05,     38.56,      0.00
       772,       285,    146205,         0,      0.46,      0.05,      0.41,      0.00
       773,       702,    360126,         0,      1.05,      0.05,      1.00,      0.00
       774,       349,    178688,         0,      0.55,      0.05,      0.50,      0.00
       775,       208,    106704,         0,      0.34,      0.05,      0.30,      0.00
       776,       245,    125685,         0,      0.40,      0.05,      0.35,      0.00
       777,       221,    113373,         0,      0.36,      0.05,      0.32,      0.00
       778,       205,    105165,         0,      0.34,      0.04,      0.29,      0.00
       779,       574,    293888,         0,      0.87,      0.05,      0.82,      0.00
       780,       314,    161082,         0,      0.50,      0.05,      0.45,      0.00
       781,       345,    176985,         0,      0.54,      0.05,      0.49,      0.00
       782,       210,    107730,         0,      0.34,      0.04,      0.30,      0.00
       783,       202,    103626,         0,      0.34,      0.05,      0.29,      0.00
       784,       537,    275481,         0,      0.82,      0.05,      0.77,      0.00
       785,       210,    107520,         0,      0.35,      0.05,      0.30,      0.00
       786,       204,    104652,         0,      0.34,      0.05,      0.29,      0.00
       787,       211,    108243,         0,      0.35,      0.05,      0.30,      0.00
       788,     14445,   7395840,         0,     20.47,      0.05,     20.42,      0.00
       789,       271,    139023,         0,      0.44,      0.05,      0.39,      0.00
       790,       917,    469504,         0,      1.32,      0.05,      1.27,      0.00
       791,       266,    136458,         0,      0.43,      0.05,      0.38,      0.00
       792,       264,    135432,         0,      0.43,      0.05,      0.38,      0.00
       793,       477,    244527,         0,      0.73,      0.05,      0.68,      0.00
       794,       342,    175446,         0,      0.54,      0.05,      0.49,      0.00
       795,       233,    119529,         0,      0.38,      0.05,      0.33,      0.00
       796,       722,    369664,         0,      1.08,      0.05,      1.03,      0.00
       797,       258,    132354,         0,      0.42,      0.05,      0.37,      0.00
       798,       212,    108756,         0,      0.35,      0.05,      0.31,      0.00
       799,       228,    116964,         0,      0.38,      0.05,      0.33,      0.00
       800,       212,    108756,         0,      0.35,      0.05,      0.30,      0.00
       801,       223,    114399,         0,      0.37,      0.05,      0.32,      0.00
       802,       204,    104652,         0,      0.34,      0.05,      0.29,      0.00
       803,       264,    135432,         0,      0.43,      0.05,      0.38,      0.00
       804,       203,    104139,         0,      0.34,      0.05,      0.29,      0.00
       805,       225,    115425,         0,      0.37,      0.05,      0.32,      0.00
       806,       212,    108756,         0,      0.35,      0.05,      0.30,      0.00
       807,       264,    135432,         0,      0.43,      0.05,      0.38,      0.00
       808,       271,    139023,         0,      0.44,      0.05,      0.39,      0.00
       809,       216,    110808,         0,      0.36,      0.05,      0.31,      0.00
       810,       350,    179544,         0,      0.55,      0.05,      0.50,      0.00
       811,       225,    115425,         0,      0.37,      0.05,      0.32,      0.00
       812,       264,    135432,         0,      0.43,      0.05,      0.38,      0.00
       813,       209,    107217,         0,      0.35,      0.05,      0.30,      0.00
       814,       242,    124146,         0,      0.39,      0.05,      0.35,      0.00
       815,       225,    115425,         0,      0.37,      0.05,      0.32,      0.00
       816,       350,    179550,         0,      0.55,      0.05,      0.50,      0.00
       817,       225,    115425,         0,      0.37,      0.04,      0.32,      0.00
       818,      7185,   3678720,         0,     10.25,      0.05,     10.19,      0.00
       819,       598,    306176,         0,      0.90,      0.05,      0.85,      0.00
       820,      1580,    808960,         0,      2.27,      0.05,      2.22,      0.00
       821,       690,    353970,         0,      1.02,      0.05,      0.98,      0.00
       822,       264,    135432,         0,      0.42,      0.05,      0.38,      0.00
       823,       225,    115425,         0,      0.37,      0.05,      0.33,      0.00
       824,       225,    115425,         0,      0.37,      0.05,      0.32,      0.00
       825,       254,    130302,         0,      0.41,      0.05,      0.36,      0.00
       826,       226,    115938,         0,      0.37,      0.05,      0.32,      0.00
       827,       212,    108756,         0,      0.35,      0.05,      0.30,      0.00
       828,       250,    128250,         0,      0.40,      0.05,      0.35,      0.00
       829,       249,    127737,         0,      0.40,      0.05,      0.35,      0.00
       830,       216,    110808,         0,      0.35,      0.05,      0.31,      0.00
       831,       225,    115425,         0,      0.37,      0.05,      0.32,      0.00
       832,       228,    116964,         0,      0.37,      0.05,      0.33,      0.00
       833,       238,    122091,         0,      0.39,      0.05,      0.34,      0.00
       834,     11106,   5686272,         0,     15.71,      0.05,     15.66,      0.00
       835,       225,    115425,         0,      0.37,      0.05,      0.33,      0.00
       836,       337,    172856,         0,      0.53,      0.05,      0.48,      0.00
       837,       784,    401408,         0,      1.18,      0.05,      1.13,      0.00
       838,       425,    218022,         0,      0.66,      0.05,      0.61,      0.00
       839,       211,    108243,         0,      0.35,      0.05,      0.30,      0.00
       840,       325,    166724,         0,      0.51,      0.05,      0.46,      0.00
       841,       225,    115425,         0,      0.37,      0.05,      0.32,      0.00
       842,       264,    135432,         0,      0.42,      0.05,      0.37,      0.00
       843,       207,    106191,         0,      0.34,      0.05,      0.29,      0.00
       844,       204,    104652,         0,      0.34,      0.05,      0.29,      0.00
       845,       254,    130302,         0,      0.41,      0.05,      0.36,      0.00
       846,       247,    126711,         0,      0.40,      0.05,      0.35,      0.00
       847,       225,    115425,         0,      0.37,      0.05,      0.32,      0.00
       848,       262,    134406,         0,      0.42,      0.05,      0.37,      0.00
       849,       264,    135432,         0,      0.43,      0.05,      0.38,      0.00
       850,       212,    108756,         0,      0.35,      0.05,      0.30,      0.00
       851,       226,    115938,         0,      0.37,      0.04,      0.32,      0.00
       852,       254,    130302,         0,      0.41,      0.05,      0.36,      0.00
       853,       445,    228285,         0,      0.68,      0.05,      0.63,      0.00
       854,       877,    449024,         0,      1.30,      0.05,      1.25,      0.00
       855,       222,    113886,         0,      0.36,      0.05,      0.32,      0.00
       856,       203,    104139,         0,      0.34,      0.04,      0.29,      0.00
       857,       231,    118503,         0,      0.38,      0.05,      0.33,      0.00
       858,       252,    129276,         0,      0.41,      0.05,      0.36,      0.00
       859,       291,    149283,         0,      0.46,      0.05,      0.41,      0.00
       860,      5187,   2655744,         0,      7.38,      0.05,      7.33,      0.00
       861,       329,    168777,         0,      0.52,      0.05,      0.47,      0.00
       862,       239,    122607,         0,      0.39,      0.05,      0.34,      0.00
       863,       200,    102600,         0,      0.33,      0.05,      0.28,      0.00
       864,       303,    155439,         0,      0.47,      0.05,      0.43,      0.00
       865,       253,    129789,         0,      0.41,      0.05,      0.36,      0.00
       866,       253,    129789,         0,      0.40,      0.05,      0.36,      0.00
       867,       372,    190836,         0,      0.58,      0.05,      0.53,      0.00
       868,       353,    181089,         0,      0.55,      0.05,      0.50,      0.00
       869,     13396,   6858752,         0,     19.00,      0.05,     18.94,      0.00
       870,       217,    111321,         0,      0.36,      0.05,      0.31,      0.00
       871,       255,    130815,         0,      0.41,      0.05,      0.36,      0.00
       872,       282,    144643,         0,      0.45,      0.05,      0.40,      0.00
       873,       260,    133380,         0,      0.41,      0.04,      0.37,      0.00
       874,       209,    107217,         0,      0.35,      0.05,      0.30,      0.00
       875,       294,    150822,         0,      0.47,      0.05,      0.42,      0.00
       876,       218,    111834,         0,      0.36,      0.05,      0.31,      0.00
       877,       218,    111834,         0,      0.36,      0.05,      0.31,      0.00
       878,       210,    107730,         0,      0.35,      0.05,      0.30,      0.00
       879,       214,    109782,         0,      0.35,      0.05,      0.31,      0.00
       880,       210,    107730,         0,      0.35,      0.05,      0.30,      0.00
       881,       205,    105165,         0,      0.34,      0.05,      0.30,      0.00
       882,       218,    111834,         0,      0.36,      0.05,      0.31,      0.00
       883,       479,    245727,         0,      0.74,      0.05,      0.69,      0.00
       884,       235,    120555,         0,      0.39,      0.05,      0.34,      0.00
       885,       331,    169803,         0,      0.53,      0.05,      0.48,      0.00
       886,       249,    127737,         0,      0.40,      0.05,      0.35,      0.00
       887,       501,    256512,         0,      0.74,      0.05,      0.69,      0.00
       888,       226,    115938,         0,      0.37,      0.05,      0.32,      0.00
       889,      8738,   4473856,         0,     12.50,      0.05,     12.44,      0.00
       890,       236,    121068,         0,      0.38,      0.05,      0.34,      0.00
       891,       236,    121068,         0,      0.38,      0.05,      0.34,      0.00
       892,       236,    121068,         0,      0.38,      0.05,      0.33,      0.00
       893,       236,    121068,         0,      0.38,      0.05,      0.33,      0.00
       894,       253,    129789,         0,      0.41,      0.05,      0.36,      0.00
       895,     59791,  30612992,         0,     84.56,      0.05,     84.50,      0.00
       896,       226,    115938,         0,      0.37,      0.04,      0.33,      0.00
       897,       271,    139023,         0,      0.44,      0.05,      0.39,      0.00
       898,       267,    136968,         0,      0.43,      0.05,      0.38,      0.00
       899,       202,    103626,         0,      0.34,      0.05,      0.29,      0.00
       900,       289,    148257,         0,      0.47,      0.05,      0.42,      0.00
       901,       393,    201609,         0,      0.61,      0.05,      0.56,      0.00
       902,       220,    112860,         0,      0.36,      0.05,      0.31,      0.00
       903,       214,    109782,         0,      0.35,      0.05,      0.30,      0.00
       904,    135982,  69622784,         0,    192.49,      0.05,    192.40,      0.00
       905,      6863,   3513856,         0,      9.72,      0.05,      9.67,      0.00
       906,     29618,  15164416,         0,     41.84,      0.05,     41.78,      0.00
       907,       206,    105678,         0,      0.34,      0.05,      0.29,      0.00
       908,       206,    105678,         0,      0.34,      0.05,      0.29,      0.00
       909,       215,    110295,         0,      0.35,      0.04,      0.30,      0.00
       910,       252,    129276,         0,      0.40,      0.05,      0.35,      0.00
       911,      1122,    575586,         0,      1.62,      0.05,      1.57,      0.00
       912,      2584,   1325592,         0,      3.67,      0.05,      3.62,      0.00
       913,    240660, 123217920,         0,    340.90,      0.04,    340.78,      0.00
       914,       265,    135945,         0,      0.42,      0.05,      0.38,      0.00
       915,       219,    112347,         0,      0.36,      0.05,      0.31,      0.00
       916,       235,    120555,         0,      0.38,      0.05,      0.33,      0.00
       917,      2425,   1244025,         0,      3.45,      0.05,      3.40,      0.00
       918,       219,    112347,         0,      0.36,      0.05,      0.31,      0.00
       919,     93798,  48024576,         0,    132.22,      0.05,    132.14,      0.00
       920,       270,    138510,         0,      0.43,      0.04,      0.38,      0.00
       921,       269,    137997,         0,      0.44,      0.05,      0.39,      0.00
       922,       209,    107217,         0,      0.34,      0.05,      0.30,      0.00
       923,       228,    116964,         0,      0.37,      0.05,      0.32,      0.00
       924,       280,    143640,         0,      0.45,      0.05,      0.40,      0.00
       925,      1134,    581742,         0,      1.66,      0.05,      1.61,      0.00
       926,       255,    130815,         0,      0.41,      0.05,      0.37,      0.00
       927,      3474,   1782162,         0,      5.01,      0.05,      4.96,      0.00
       928,       347,    178011,         0,      0.55,      0.05,      0.50,      0.00
       929,       217,    111321,         0,      0.36,      0.05,      0.31,      0.00
       930,       200,    102600,         0,      0.34,      0.05,      0.29,      0.00
       931,    264330, 135336960,         0,    374.85,      0.04,    374.72,      0.00
       932,       290,    148770,         0,      0.46,      0.04,      0.41,      0.00
       933,     44494,  22780928,         0,     62.94,      0.05,     62.87,      0.00
       934,       236,    121068,         0,      0.38,      0.05,      0.34,      0.00
       935,       424,    217482,         0,      0.65,      0.05,      0.60,      0.00
       936,       226,    115938,         0,      0.37,      0.05,      0.32,      0.00
       937,       245,    125685,         0,      0.39,      0.05,      0.35,      0.00
       938,       242,    124146,         0,      0.39,      0.05,      0.34,      0.00
       939,      8144,   4169728,         0,     11.53,      0.05,     11.48,      0.00
       940,       202,    103626,         0,      0.34,      0.05,      0.29,      0.00
       941,    247948, 126949376,         0,    349.57,      0.04,    349.46,      0.00
       942,       530,    271890,         0,      0.80,      0.05,      0.75,      0.00
       943,     41611,  21304832,         0,     58.66,      0.05,     58.60,      0.00
       944,     34752,  17793024,         0,     49.38,      0.05,     49.32,      0.00
       945,      4050,   2073600,         0,      5.84,      0.05,      5.78,      0.00
       946,       216,    110808,         0,      0.36,      0.05,      0.31,      0.00
       947,       221,    113373,         0,      0.36,      0.05,      0.32,      0.00
       948,       229,    117477,         0,      0.38,      0.05,      0.33,      0.00
       949,       206,    105678,         0,      0.35,      0.05,      0.30,      0.00
       950,       216,    110808,         0,      0.36,      0.05,      0.31,      0.00
       951,      3164,   1623132,         0,      4.57,      0.05,      4.52,      0.00
       952,       270,    138510,         0,      0.43,      0.04,      0.39,      0.00
       953,     13381,   6864453,         0,     19.19,      0.05,     19.13,      0.00
       954,       214,    109782,         0,      0.35,      0.05,      0.31,      0.00
       955,       205,    105165,         0,      0.34,      0.05,      0.29,      0.00
       956,       205,    105165,         0,      0.34,      0.05,      0.30,      0.00
       957,       409,    209817,         0,      0.63,      0.05,      0.58,      0.00
       958,      2401,   1229312,         0,      3.48,      0.05,      3.43,      0.00
       959,       322,    165186,         0,      0.51,      0.05,      0.46,      0.00
       960,       225,    115425,         0,      0.37,      0.04,      0.32,      0.00
       961,       222,    113886,         0,      0.37,      0.05,      0.32,      0.00
       962,       216,    110808,         0,      0.36,      0.05,      0.31,      0.00
       963,       289,    148257,         0,      0.46,      0.05,      0.41,      0.00
       964,       210,    107730,         0,      0.35,      0.05,      0.30,      0.00
       965,       220,    112860,         0,      0.37,      0.05,      0.32,      0.00
       966,      5428,   2784564,         0,      7.80,      0.05,      7.75,      0.00
       967,       210,    107730,         0,      0.34,      0.05,      0.30,      0.00
       968,       210,    107730,         0,      0.35,      0.05,      0.30,      0.00
       969,       205,    105165,         0,      0.34,      0.05,      0.29,      0.00
       970,       219,    112347,         0,      0.36,      0.05,      0.31,      0.00
       971,      1240,    636120,         0,      1.82,      0.05,      1.77,      0.00
       972,       236,    121068,         0,      0.39,      0.05,      0.34,      0.00
       973,       219,    112347,         0,      0.36,      0.05,      0.32,      0.00
       974,     31177,  15962624,         0,     44.25,      0.05,     44.19,      0.00
       975,       247,    126711,         0,      0.40,      0.05,      0.35,      0.00
       976,       407,    208720,         0,      0.62,      0.05,      0.57,      0.00
       977,    151202,  77415424,         0,    214.91,      0.05,    214.82,      0.00
       978,       261,    133893,         0,      0.42,      0.05,      0.37,      0.00
       979,       219,    112347,         0,      0.36,      0.05,      0.31,      0.00
       980,       237,    121581,         0,      0.39,      0.05,      0.34,      0.00
       981,       824,    422712,         0,      1.24,      0.05,      1.18,      0.00
       982,       269,    137997,         0,      0.43,      0.05,      0.38,      0.00
       983,     35548,  18200576,         0,     50.32,      0.05,     50.26,      0.00
       984,     35548,  18200576,         0,     50.36,      0.05,     50.31,      0.00
       985,     94861,  48568832,         0,    134.29,      0.05,    134.22,      0.00
       986,       209,    107217,         0,      0.34,      0.05,      0.30,      0.00
       987,       468,    240071,         0,      0.72,      0.05,      0.66,      0.00
       988,    174711,  89452032,         0,    248.35,      0.04,    248.25,      0.00
       989,       238,    122094,         0,      0.39,      0.05,      0.34,      0.00
       990,       288,    147744,         0,      0.46,      0.05,      0.41,      0.00
       991,       218,    111834,         0,      0.36,      0.04,      0.31,      0.00
       992,       391,    200583,         0,      0.61,      0.05,      0.56,      0.00
       993,       215,    110295,         0,      0.36,      0.05,      0.31,      0.00
       994,       391,    200583,         0,      0.62,      0.05,      0.57,      0.00
       995,       223,    114399,         0,      0.37,      0.05,      0.32,      0.00
       996,       379,    194427,         0,      0.60,      0.05,      0.55,      0.00
       997,       723,    370899,         0,      1.09,      0.05,      1.04,      0.00
       998,       285,    146205,         0,      0.46,      0.05,      0.41,      0.00
       999,       248,    127224,         0,      0.40,      0.05,      0.36,      0.00
